"Path","Cat","Reason","SizeDiff"
"C:\Users\chuec\OneDrive\GitHub\ga_suche\Steiner_GA\GA065-Aus dem mitteleuropäischen Geistesleben\GA065 (1.) GOETHE UND - DAS WELTBILD DES DEUTSCHEN IDEALISMUS, Berlin, 2. Dezember 1915-Christoph_PC.md","content","CONTENT_DIFF","1"
"C:\Users\chuec\OneDrive\GitHub\ga_suche\Steiner_GA\GA065-Aus dem mitteleuropäischen Geistesleben\GA065 - Aus dem mitteleuropäischen Geistesleben (1915-1916)-Christoph_PC.md","content","CONTENT_DIFF","1"
"C:\Users\chuec\OneDrive\GitHub\ga_suche\Steiner_GA\GA068a-Über das Wesen des Christentums\GA068a (1.) Bericht - DIE THEOSOPHIE UND DIE FORTBILDUNG DER RELIGIONEN (DIE BIBEL-BABEL-FRAGE), Weimar, 15. April 1903-Christoph_PC.md","content","CONTENT_DIFF","-2"
"C:\Users\chuec\OneDrive\GitHub\ga_suche\Steiner_GA\GA069c-Neues Christus-Erleben\GA069c (1.) DER CHRISTUS IM ZWANZIGSTEN JAHRHUNDERT, Kristiania (Oslo), 13. Juni 1910-Christoph_PC.md","content","CONTENT_DIFF","-286"
"C:\Users\chuec\OneDrive\GitHub\ga_suche\Steiner_GA\GA069c-Neues Christus-Erleben\GA069c (10.) VON JESUS ZU CHRISTUS, Nürnberg, 1. Dezember 1911-Christoph_PC.md","content","CONTENT_DIFF","1298"
"C:\Users\chuec\OneDrive\GitHub\ga_suche\Steiner_GA\GA069c-Neues Christus-Erleben\GA069c (11.) VON JESUS ZU CHRISTUS, Hamburg, 15. November 1913-Christoph_PC.md","content","CONTENT_DIFF","-665"
"C:\Users\chuec\OneDrive\GitHub\ga_suche\Steiner_GA\GA069c-Neues Christus-Erleben\GA069c (13.) RAFFAELS MISSION IM LICHTE DER WISSENSCHAFT VOM GEISTE, Stuttgart, 19. Mai 1913-Christoph_PC.md","content","CONTENT_DIFF","-744"
"C:\Users\chuec\OneDrive\GitHub\ga_suche\Steiner_GA\GA069c-Neues Christus-Erleben\GA069c (2.) CHRISTUS UND DAS ZWANZIGSTE JAHRHUNDERT, Stuttgart, 22. Februar 1912-Christoph_PC.md","content","CONTENT_DIFF","-319"
"C:\Users\chuec\OneDrive\GitHub\ga_suche\Steiner_GA\GA069c-Neues Christus-Erleben\GA069c (3.) CHRISTUS UND DAS ZWANZIGSTE JAHRHUNDERT, Köln, 6. Mai 1912-Christoph_PC.md","content","CONTENT_DIFF","-15"
"C:\Users\chuec\OneDrive\GitHub\ga_suche\Steiner_GA\GA069c-Neues Christus-Erleben\GA069c (4.) CHRISTUS IM ZWANZIGSTEN JAHRHUNDERT, Hamburg, 16. November 1912-Christoph_PC.md","content","CONTENT_DIFF","-937"
"C:\Users\chuec\OneDrive\GitHub\ga_suche\Steiner_GA\GA069c-Neues Christus-Erleben\GA069c (5.) DER CHRISTUS DES ZWANZIGSTEN JAHRHUNDERTS, Bremen, 10. Januar 1914-Christoph_PC.md","content","CONTENT_DIFF","-819"
"C:\Users\chuec\OneDrive\GitHub\ga_suche\Steiner_GA\GA069c-Neues Christus-Erleben\GA069c (6.) CHRISTUS IM ZWANZIGSTEN JAHRHUNDERT, Pforzheim, 8. März 1914-Christoph_PC.md","content","CONTENT_DIFF","-170"
"C:\Users\chuec\OneDrive\GitHub\ga_suche\Steiner_GA\GA069c-Neues Christus-Erleben\GA069c (7.) VON BUDDHA ZU CHRISTUS, Dresden, 18. November 1910-Christoph_PC.md","content","CONTENT_DIFF","-340"
"C:\Users\chuec\OneDrive\GitHub\ga_suche\Steiner_GA\GA069c-Neues Christus-Erleben\GA069c (8.) DER WESENSKERN DES CHRISTENTUMS, Straßburg, 18. Februar 1911-Christoph_PC.md","content","CONTENT_DIFF","-786"
"C:\Users\chuec\OneDrive\GitHub\ga_suche\Steiner_GA\GA069c-Neues Christus-Erleben\GA069c (9.) VON JESUS ZU CHRISTUS, Karlsruhe, 4. Oktober 1911-Christoph_PC.md","content","CONTENT_DIFF","-388"
"C:\Users\chuec\OneDrive\GitHub\ga_suche\Steiner_GA\GA069c-Neues Christus-Erleben\GA069c - Neues Christus-Erleben (1910-1914)-Christoph_PC.md","content","CONTENT_DIFF","695"
"C:\Users\chuec\OneDrive\GitHub\ga_suche\Steiner_GA\GA070b-Wege zur Erkenntnis der ewigen Kräfte der Menschenseele\GA070b (1.) DAS WELTBILD DES DEUTSCHEN IDEALISMUS EINE BETRACHTUNG IM HINBLICK AUF UNSERE SCHICKSALTRAGENDE ZEIT, Stuttgart, 25. November 1915-Christoph_PC.md","content","CONTENT_DIFF","-4"
"C:\Users\chuec\OneDrive\GitHub\ga_suche\Steiner_GA\GA070b-Wege zur Erkenntnis der ewigen Kräfte der Menschenseele\GA070b - Wege zur Erkenntnis der ewigen Kräfte der Menschenseele (1915, 1916)-Christoph_PC.md","content","CONTENT_DIFF","-4"
"C:\Users\chuec\OneDrive\GitHub\ga_suche\Steiner_GA\GA094-Kosmogonie. Populärer Okkultismus. Das Johannes-Evangelium\GA094 (28.) POPULÄRER OKKULTISMUS, Zehnter Vortrag, Leipzig, 7. Juli 1906-Christoph_PC.md","content","CONTENT_DIFF","1"
"C:\Users\chuec\OneDrive\GitHub\ga_suche\Steiner_GA\GA094-Kosmogonie. Populärer Okkultismus. Das Johannes-Evangelium\GA094 - Kosmogonie (1906)-Christoph_PC.md","content","CONTENT_DIFF","1"
"C:\Users\chuec\OneDrive\GitHub\ga_suche\Steiner_GA\GA099-Die Theosophie des Rosenkreuzers\GA099 (4.) VIERTER VORTRAG, München, 28. Mai 1907-Christoph_PC.md","content","CONTENT_DIFF","1"
"C:\Users\chuec\OneDrive\GitHub\ga_suche\Steiner_GA\GA099-Die Theosophie des Rosenkreuzers\GA099 - Die Theosophie des Rosenkreuzers (1907)-Christoph_PC.md","content","CONTENT_DIFF","1"
"C:\Users\chuec\OneDrive\GitHub\ga_suche\Steiner_GA\GA117-Die tieferen Geheimnisse des Menschheitswerdens im Lichte der Evangelien\GA117 (9.) DAS ICH, DER GOTT IM INNERN UND DER GOTT DER ÄUSSEREN OFFENBARUNG, München, 4. Dezember 1909, Erster Vortrag-Christoph_PC.md","content","CONTENT_DIFF","0"
"C:\Users\chuec\OneDrive\GitHub\ga_suche\Steiner_GA\GA117-Die tieferen Geheimnisse des Menschheitswerdens im Lichte der Evangelien\GA117 - Die tieferen Geheimnisse des Menschheitswerdens im Lichte der Evangelien (1909)-Christoph_PC.md","content","CONTENT_DIFF","0"
"C:\Users\chuec\OneDrive\GitHub\ga_suche\Steiner_GA\GA210-Alte und neue Einweihungsmethoden\GA210 (14.) EINZELVORTRAG, Breslau, 1. Februar 1922-Christoph_PC.md","content","CONTENT_DIFF","1"
"C:\Users\chuec\OneDrive\GitHub\ga_suche\Steiner_GA\GA210-Alte und neue Einweihungsmethoden\GA210 - Alte und neue Einweihungsmethoden (1922)-Christoph_PC.md","content","CONTENT_DIFF","1"
"C:\Users\chuec\OneDrive\GitHub\ga_suche\Steiner_GA\GA214-Das Geheimnis der Trinität\GA214 (7.) SIEBENTER VORTRAG, Dornach, 9. August 1922-Christoph_PC.md","content","CONTENT_DIFF","0"
"C:\Users\chuec\OneDrive\GitHub\ga_suche\Steiner_GA\GA214-Das Geheimnis der Trinität\GA214 - Das Geheimnis der Trinität (1922)-Christoph_PC.md","content","CONTENT_DIFF","0"
"C:\Users\chuec\OneDrive\GitHub\ga_suche\Steiner_GA\GA231-Der übersinnliche Mensch - anthroposophisch erfasst\GA231 - Der übersinnliche Mensch anthroposophisch erfasst (1923)-Christoph_PC.md","content","CONTENT_DIFF","1"
"C:\Users\chuec\OneDrive\GitHub\ga_suche\Steiner_GA\GA255b-Die Anthroposophie und ihre Gegner 1919 - 1921\GA255b (2.) MITGLIEDERVORTRAG, Dornach, 16. November 1919-Christoph_PC.md","content","CONTENT_DIFF","1"
"C:\Users\chuec\OneDrive\GitHub\ga_suche\Steiner_GA\Schlagwörter\Emanzipation-Christoph_PC.md","content","CONTENT_DIFF","-1"
"C:\Users\chuec\OneDrive\GitHub\ga_suche\Steiner_GA\Schlagwörter\Frauenfrage-Christoph_PC.md","content","CONTENT_DIFF","-1"
"C:\Users\chuec\OneDrive\GitHub\ga_suche\Steiner_GA\Schlagwörter\Goethe - Weltanschauung-Christoph_PC.md","content","CONTENT_DIFF","-1"
"C:\Users\chuec\OneDrive\GitHub\ga_suche\Steiner_GA\Schlagwörter\Harmonie-Christoph_PC.md","content","CONTENT_DIFF","-1"
"C:\Users\chuec\OneDrive\GitHub\ga_suche\Steiner_GA\Schlagwörter\Kindererziehung-Christoph_PC.md","content","CONTENT_DIFF","-1"
"C:\Users\chuec\OneDrive\GitHub\ga_suche\Steiner_GA\Schlagwörter\Kultureller Einfluss-Christoph_PC.md","content","CONTENT_DIFF","-1"
"C:\Users\chuec\OneDrive\GitHub\ga_suche\Steiner_GA\Schlagwörter\Kulturepochen-Christoph_PC.md","content","CONTENT_DIFF","-1"
"C:\Users\chuec\OneDrive\GitHub\ga_suche\Steiner_GA\Schlagwörter\Männliche Natur-Christoph_PC.md","content","CONTENT_DIFF","-1"
"C:\Users\chuec\OneDrive\GitHub\ga_suche\Steiner_GA\Schlagwörter\Natur & Geist-Christoph_PC.md","content","CONTENT_DIFF","-1"
"C:\Users\chuec\OneDrive\GitHub\ga_suche\Steiner_GA\Schlagwörter\Weibliche Natur-Christoph_PC.md","content","CONTENT_DIFF","-1"
"C:\Users\chuec\OneDrive\GitHub\ga_suche\Steiner_GA\Schlagwörter & Text GAs\GA068c - Schlagwörter-Christoph_PC.md","content","CONTENT_DIFF","-12"
"C:\Users\chuec\OneDrive\GitHub\ga_suche\Steiner_GA\Schlagwörter A-Z\E-Christoph_PC.md","content","CONTENT_DIFF","-1"
"C:\Users\chuec\OneDrive\GitHub\ga_suche\Steiner_GA\Schlagwörter A-Z\F-Christoph_PC.md","content","CONTENT_DIFF","-1"
"C:\Users\chuec\OneDrive\GitHub\ga_suche\Steiner_GA\Schlagwörter A-Z\G-Christoph_PC.md","content","CONTENT_DIFF","-1"
"C:\Users\chuec\OneDrive\GitHub\ga_suche\Steiner_GA\Schlagwörter A-Z\H-Christoph_PC.md","content","CONTENT_DIFF","-1"
"C:\Users\chuec\OneDrive\GitHub\ga_suche\Steiner_GA\Schlagwörter A-Z\K-Christoph_PC.md","content","CONTENT_DIFF","-3"
"C:\Users\chuec\OneDrive\GitHub\ga_suche\Steiner_GA\Schlagwörter A-Z\M-Christoph_PC.md","content","CONTENT_DIFF","-1"
"C:\Users\chuec\OneDrive\GitHub\ga_suche\Steiner_GA\Schlagwörter A-Z\N-Christoph_PC.md","content","CONTENT_DIFF","-1"
"C:\Users\chuec\OneDrive\GitHub\ga_suche\Steiner_GA\Schlagwörter A-Z\W-Christoph_PC.md","content","CONTENT_DIFF","-1"
